"Crash ID","Crash Death Count","Crash Month","Latitude","Longitude","Person Age","Person Alcohol Result","Person Blood Alcohol Content Test Result","Person Type"
"16836298","0","1","31.17859654","-95.37681373","51","No Data","No Data","1 - DRIVER"
"16836298","0","1","31.17859654","-95.37681373","18","No Data","No Data","2 - PASSENGER/OCCUPANT"
"16836354","0","1","31.08733368","-95.53335571","42","No Data","No Data","1 - DRIVER"
"16836354","0","1","31.08733368","-95.53335571","39","No Data","No Data","1 - DRIVER"
"16836354","0","1","31.08733368","-95.53335571","7","No Data","No Data","2 - PASSENGER/OCCUPANT"
"16836354","0","1","31.08733368","-95.53335571","6","No Data","No Data","2 - PASSENGER/OCCUPANT"
"16843924","0","1","31.45247197","-95.3012272","34","No Data","No Data","1 - DRIVER"
"16841126","0","1","31.5579298","-95.19591626","42","No Data","No Data","1 - DRIVER"
"16843921","0","1","31.28701767","-95.20465278","57","No Data","No Data","1 - DRIVER"
"16843921","0","1","31.28701767","-95.20465278","85","No Data","No Data","2 - PASSENGER/OCCUPANT"
"16843921","0","1","31.28701767","-95.20465278","47","No Data","No Data","1 - DRIVER"
"16842543","0","1","31.39466667","-95.47602081","30","No Data","No Data","1 - DRIVER"
"16842543","0","1","31.39466667","-95.47602081","54","No Data","No Data","1 - DRIVER"
"16844100","0","1","31.32847595","-95.43992615","24","No Data","No Data","1 - DRIVER"
"16844100","0","1","31.32847595","-95.43992615","27","No Data","No Data","2 - PASSENGER/OCCUPANT"
"16844100","0","1","31.32847595","-95.43992615","30","No Data","No Data","1 - DRIVER"
"16846669","0","1","31.22838436","-95.48098685","23","No Data","No Data","1 - DRIVER"
"16849688","0","1","31.29410778","-95.46278449","71","No Data","No Data","1 - DRIVER"
"16849688","0","1","31.29410778","-95.46278449","42","No Data","No Data","1 - DRIVER"
"16856321","0","1","31.40688127","-95.14441971","17","No Data","No Data","1 - DRIVER"
"16857118","0","1","31.12737764","-95.44556275","17","No Data","No Data","1 - DRIVER"
"16857118","0","1","31.12737764","-95.44556275","17","No Data","No Data","1 - DRIVER"
"16856326","0","1","31.29940225","-95.53486378","65","No Data","No Data","1 - DRIVER"
"16856326","0","1","31.29940225","-95.53486378","42","No Data","No Data","1 - DRIVER"
"16856331","0","1","31.40771505","-95.14503621","57","No Data","No Data","1 - DRIVER"
"16856331","0","1","31.40771505","-95.14503621","43","No Data","No Data","1 - DRIVER"
"16857121","0","1","31.12825801","-95.44569605","17","No Data","No Data","1 - DRIVER"
"16857121","0","1","31.12825801","-95.44569605","41","No Data","No Data","1 - DRIVER"
"16866982","0","1","31.3173587","-95.46105626","23","No Data","No Data","1 - DRIVER"
"16866982","0","1","31.3173587","-95.46105626","23","No Data","No Data","1 - DRIVER"
"16856315","0","1","31.33076605","-95.32610986","53","No Data","No Data","1 - DRIVER"
"16856315","0","1","31.33076605","-95.32610986","31","No Data","No Data","2 - PASSENGER/OCCUPANT"
"16856315","0","1","31.33076605","-95.32610986","40","No Data","No Data","1 - DRIVER"
"16856315","0","1","31.33076605","-95.32610986","63","No Data","No Data","2 - PASSENGER/OCCUPANT"
"16856315","0","1","31.33076605","-95.32610986","41","No Data","No Data","2 - PASSENGER/OCCUPANT"
"16869878","0","1","31.15927961","-95.6056188","53","No Data","No Data","1 - DRIVER"
"16869878","0","1","31.15927961","-95.6056188","15","No Data","No Data","2 - PASSENGER/OCCUPANT"
"16860608","0","1","31.51738248","-95.47990236","37","No Data","No Data","1 - DRIVER"
"16860608","0","1","31.51738248","-95.47990236","11","No Data","No Data","2 - PASSENGER/OCCUPANT"
"16874551","0","1","31.35955453","-95.18433729","61","No Data","No Data","1 - DRIVER"
"16874551","0","1","31.35955453","-95.18433729","73","1 - POSITIVE","0.154","1 - DRIVER"
"16866073","0","1","31.32807271","-95.43961782","21","No Data","No Data","1 - DRIVER"
"16866073","0","1","31.32807271","-95.43961782","24","No Data","No Data","2 - PASSENGER/OCCUPANT"
"16866073","0","1","31.32807271","-95.43961782","39","No Data","No Data","1 - DRIVER"
"16869880","0","1","31.30641132","-95.60593644","19","No Data","No Data","1 - DRIVER"
"16869885","0","1","31.30008169","-95.429252","34","No Data","No Data","1 - DRIVER"
"16869885","0","1","31.30008169","-95.429252","11","No Data","No Data","2 - PASSENGER/OCCUPANT"
"16869885","0","1","31.30008169","-95.429252","7","No Data","No Data","2 - PASSENGER/OCCUPANT"
"16869885","0","1","31.30008169","-95.429252","6","No Data","No Data","2 - PASSENGER/OCCUPANT"
"16884667","0","2","31.12517497","-95.44529506","38","No Data","No Data","1 - DRIVER"
"16884667","0","2","31.12517497","-95.44529506","27","No Data","No Data","2 - PASSENGER/OCCUPANT"
"16884667","0","2","31.12517497","-95.44529506","64","No Data","No Data","1 - DRIVER"
"16891073","0","2","31.31625474","-95.45786297","38","No Data","No Data","1 - DRIVER"
"16891073","0","2","31.31625474","-95.45786297","11","No Data","No Data","2 - PASSENGER/OCCUPANT"
"16891073","0","2","31.31625474","-95.45786297","4","No Data","No Data","2 - PASSENGER/OCCUPANT"
"16891073","0","2","31.31625474","-95.45786297","5","No Data","No Data","2 - PASSENGER/OCCUPANT"
"16891073","0","2","31.31625474","-95.45786297","57","No Data","No Data","1 - DRIVER"
"16902593","0","2","31.33572226","-95.65627235","54","No Data","No Data","1 - DRIVER"
"16894196","0","2","31.30663449","-95.441803","39","No Data","No Data","5 - DRIVER OF MOTORCYCLE TYPE VEHICLE"
"16894196","0","2","31.30663449","-95.441803","44","No Data","No Data","6 - PASSENGER/OCCUPANT ON MOTORCYCLE TYPE VEHICLE"
"16892082","0","2","31.06971378","-95.54806583","59","No Data","No Data","1 - DRIVER"
"16904363","0","2","31.41959376","-95.47448558","38","No Data","No Data","1 - DRIVER"
"16904363","0","2","31.41959376","-95.47448558","9","No Data","No Data","2 - PASSENGER/OCCUPANT"
"16904363","0","2","31.41959376","-95.47448558","42","No Data","No Data","1 - DRIVER"
"16904363","0","2","31.41959376","-95.47448558","37","No Data","No Data","1 - DRIVER"
"16904363","0","2","31.41959376","-95.47448558","64","No Data","No Data","1 - DRIVER"
"16904368","0","2","31.43657857","-95.18695357","21","No Data","No Data","1 - DRIVER"
"16910687","0","2","31.47077581","-95.53236586","27","No Data","No Data","1 - DRIVER"
"16914708","0","2","31.31767275","-95.45760647","54","No Data","No Data","1 - DRIVER"
"16914708","0","2","31.31767275","-95.45760647","26","No Data","No Data","1 - DRIVER"
"16915599","0","2","31.31841481","-95.45786787","29","No Data","No Data","1 - DRIVER"
"16915599","0","2","31.31841481","-95.45786787","44","No Data","No Data","2 - PASSENGER/OCCUPANT"
"16916820","0","2","31.51187926","-95.24514718","35","No Data","No Data","1 - DRIVER"
"16917453","0","2","31.47009898","-95.46520975","41","No Data","No Data","1 - DRIVER"
"16917453","0","2","31.47009898","-95.46520975","8","No Data","No Data","2 - PASSENGER/OCCUPANT"
"16917453","0","2","31.47009898","-95.46520975","8","No Data","No Data","2 - PASSENGER/OCCUPANT"
"16922255","0","2","31.31669087","-95.4682566","34","No Data","No Data","1 - DRIVER"
"16922255","0","2","31.31669087","-95.4682566","24","No Data","No Data","1 - DRIVER"
"16923617","0","2","31.50583234","-95.44650643","26","No Data","No Data","1 - DRIVER"
"16923617","0","2","31.50583234","-95.44650643","25","No Data","No Data","2 - PASSENGER/OCCUPANT"
"16923617","0","2","31.50583234","-95.44650643","1","No Data","No Data","2 - PASSENGER/OCCUPANT"
"16917678","0","2","31.13731504","-95.459423","47","No Data","No Data","1 - DRIVER"
"16925722","0","2","31.23063923","-95.59184457","39","No Data","No Data","1 - DRIVER"
"16928377","0","2","31.30620967","-95.50045972","35","No Data","No Data","1 - DRIVER"
"16928377","0","2","31.30620967","-95.50045972","51","No Data","No Data","1 - DRIVER"
"16925725","0","2","31.16390659","-95.46431686","25","1 - POSITIVE","0.117","1 - DRIVER"
"16925725","0","2","31.16390659","-95.46431686","52","No Data","No Data","2 - PASSENGER/OCCUPANT"
"16928401","0","2","31.26015865","-95.55280024","53","No Data","No Data","1 - DRIVER"
"16928401","0","2","31.26015865","-95.55280024","62","No Data","No Data","2 - PASSENGER/OCCUPANT"
"16928401","0","2","31.26015865","-95.55280024","No Data","No Data","No Data","99 - UNKNOWN"
"16938150","0","2","No Data","No Data","27","No Data","No Data","1 - DRIVER"
"16932851","0","3","31.44922214","-95.60508513","44","1 - POSITIVE","0.156","1 - DRIVER"
"16939238","0","3","31.30750918","-95.46513024","17","No Data","No Data","1 - DRIVER"
"16939238","0","3","31.30750918","-95.46513024","17","No Data","No Data","2 - PASSENGER/OCCUPANT"
"16940567","0","3","31.29494649","-95.55154859","20","No Data","No Data","1 - DRIVER"
"16932864","0","3","31.40883038","-95.39352875","18","No Data","No Data","1 - DRIVER"
"16946455","0","3","31.49316311","-95.3769857","20","No Data","No Data","1 - DRIVER"
"16951528","0","3","31.31406812","-95.43673107","86","No Data","No Data","1 - DRIVER"
"16951528","0","3","31.31406812","-95.43673107","68","No Data","No Data","1 - DRIVER"
"16940545","0","3","31.35747902","-95.52552384","63","No Data","No Data","1 - DRIVER"
"16948965","0","3","31.30324479","-95.44199663","59","No Data","No Data","1 - DRIVER"
"16948965","0","3","31.30324479","-95.44199663","42","No Data","No Data","1 - DRIVER"
"16946452","0","3","31.38241003","-95.15371842","20","No Data","No Data","1 - DRIVER"
"16946452","0","3","31.38241003","-95.15371842","21","No Data","No Data","2 - PASSENGER/OCCUPANT"
"16946452","0","3","31.38241003","-95.15371842","22","No Data","No Data","2 - PASSENGER/OCCUPANT"
"16946452","0","3","31.38241003","-95.15371842","20","No Data","No Data","2 - PASSENGER/OCCUPANT"
"16946540","1","3","31.42716677","-95.38171644","58","No Data","No Data","1 - DRIVER"
"16952607","0","3","31.3056488","-95.44011688","49","No Data","No Data","1 - DRIVER"
"16952607","0","3","31.3056488","-95.44011688","22","No Data","No Data","1 - DRIVER"
"16956962","0","3","31.39541772","-95.36178517","18","No Data","No Data","1 - DRIVER"
"16956962","0","3","31.39541772","-95.36178517","18","No Data","No Data","2 - PASSENGER/OCCUPANT"
"16960094","0","3","No Data","No Data","36","No Data","No Data","1 - DRIVER"
"16946555","0","3","31.1855007","-95.6386272","49","No Data","No Data","1 - DRIVER"
"16946555","0","3","31.1855007","-95.6386272","65","No Data","No Data","1 - DRIVER"
"16950445","0","3","31.43810608","-95.47604458","51","No Data","No Data","1 - DRIVER"
"16950445","0","3","31.43810608","-95.47604458","30","No Data","No Data","1 - DRIVER"
"16963666","0","3","31.29660023","-95.46238667","34","No Data","No Data","1 - DRIVER"
"16954594","0","3","31.32881434","-95.34216645","61","No Data","No Data","1 - DRIVER"
"16956929","0","3","31.29820419","-95.54143712","59","No Data","No Data","1 - DRIVER"
"16956961","0","3","31.29281256","-95.57842346","58","No Data","No Data","1 - DRIVER"
"16964291","0","3","31.31643263","-95.45699816","32","No Data","No Data","1 - DRIVER"
"16964291","0","3","31.31643263","-95.45699816","19","No Data","No Data","1 - DRIVER"
"16964291","0","3","31.31643263","-95.45699816","38","No Data","No Data","2 - PASSENGER/OCCUPANT"
"16964291","0","3","31.31643263","-95.45699816","0","No Data","No Data","2 - PASSENGER/OCCUPANT"
"16964585","0","3","31.25975482","-95.55328159","23","No Data","No Data","1 - DRIVER"
"16964292","0","3","31.32896962","-95.44031218","51","No Data","No Data","1 - DRIVER"
"16964292","0","3","31.32896962","-95.44031218","46","No Data","No Data","1 - DRIVER"
"16965796","0","3","31.2492169","-95.34985076","47","No Data","No Data","1 - DRIVER"
"16965796","0","3","31.2492169","-95.34985076","No Data","No Data","No Data","1 - DRIVER"
"16965796","0","3","31.2492169","-95.34985076","33","No Data","No Data","1 - DRIVER"
"16971057","0","3","31.32204037","-95.63419949","42","No Data","No Data","1 - DRIVER"
"16971057","0","3","31.32204037","-95.63419949","36","No Data","No Data","1 - DRIVER"
"16970794","0","3","31.40837517","-95.4864341","22","1 - POSITIVE","0.154","1 - DRIVER"
"16965807","0","3","31.35952895","-95.18465264","18","No Data","No Data","1 - DRIVER"
"16965807","0","3","31.35952895","-95.18465264","27","No Data","No Data","1 - DRIVER"
"16970786","0","3","31.38030448","-95.47608905","51","2 - NEGATIVE","0.003","1 - DRIVER"
"16983899","0","3","31.37691433","-95.41009054","36","No Data","No Data","1 - DRIVER"
"16983899","0","3","31.37691433","-95.41009054","38","No Data","No Data","2 - PASSENGER/OCCUPANT"
"17002136","0","3","31.30564867","-95.44011841","54","No Data","No Data","1 - DRIVER"
"17002136","0","3","31.30564867","-95.44011841","49","No Data","No Data","2 - PASSENGER/OCCUPANT"
"17002136","0","3","31.30564867","-95.44011841","61","No Data","No Data","1 - DRIVER"
"16989688","0","4","31.18288237","-95.4771756","82","No Data","No Data","1 - DRIVER"
"16996034","0","4","31.42965399","-95.69423969","57","No Data","No Data","1 - DRIVER"
"16996055","0","4","31.36721481","-95.54016313","25","No Data","No Data","1 - DRIVER"
"16996055","0","4","31.36721481","-95.54016313","36","No Data","No Data","1 - DRIVER"
"16996030","0","4","31.39172777","-95.08295826","66","No Data","No Data","1 - DRIVER"
"17011610","0","4","31.26589152","-95.20593851","25","No Data","No Data","1 - DRIVER"
"17011610","0","4","31.26589152","-95.20593851","56","No Data","No Data","2 - PASSENGER/OCCUPANT"
"17011610","0","4","31.26589152","-95.20593851","17","No Data","No Data","2 - PASSENGER/OCCUPANT"
"17004450","0","4","31.19515747","-95.69299165","54","No Data","No Data","1 - DRIVER"
"17005387","0","4","31.26789553","-95.37836063","25","No Data","No Data","1 - DRIVER"
"17005387","0","4","31.26789553","-95.37836063","44","No Data","No Data","1 - DRIVER"
"16995434","0","4","31.32473757","-95.45622758","19","No Data","No Data","1 - DRIVER"
"16995434","0","4","31.32473757","-95.45622758","17","No Data","No Data","2 - PASSENGER/OCCUPANT"
"16996068","0","4","31.30503693","-95.20323803","59","No Data","No Data","1 - DRIVER"
"17004456","0","4","31.42257323","-95.66956835","54","No Data","No Data","1 - DRIVER"
"17004456","0","4","31.42257323","-95.66956835","18","No Data","No Data","2 - PASSENGER/OCCUPANT"
"16997699","0","4","31.20057597","-95.62829778","44","No Data","No Data","1 - DRIVER"
"17004811","0","4","31.29808172","-95.49413928","49","No Data","No Data","1 - DRIVER"
"17004811","0","4","31.29808172","-95.49413928","52","No Data","No Data","2 - PASSENGER/OCCUPANT"
"17005427","0","4","31.31242415","-95.45803831","47","No Data","No Data","1 - DRIVER"
"17005427","0","4","31.31242415","-95.45803831","86","No Data","No Data","1 - DRIVER"
"17006557","0","4","No Data","No Data","34","No Data","No Data","1 - DRIVER"
"17011621","0","4","31.55860201","-95.18686233","58","No Data","No Data","1 - DRIVER"
"17023664","0","4","31.56817395","-95.174685","81","No Data","No Data","1 - DRIVER"
"17023670","0","4","31.55907177","-95.18525091","32","No Data","No Data","1 - DRIVER"
"17031477","0","4","31.45834705","-95.37619178","21","No Data","No Data","1 - DRIVER"
"17014837","0","4","31.31910449","-95.45874299","55","No Data","No Data","1 - DRIVER"
"17014837","0","4","31.31910449","-95.45874299","28","No Data","No Data","1 - DRIVER"
"17014837","0","4","31.31910449","-95.45874299","28","No Data","No Data","2 - PASSENGER/OCCUPANT"
"17014837","0","4","31.31910449","-95.45874299","6","No Data","No Data","2 - PASSENGER/OCCUPANT"
"17014837","0","4","31.31910449","-95.45874299","1","No Data","No Data","2 - PASSENGER/OCCUPANT"
"17014837","0","4","31.31910449","-95.45874299","6","No Data","No Data","2 - PASSENGER/OCCUPANT"
"17014837","0","4","31.31910449","-95.45874299","No Data","No Data","No Data","1 - DRIVER"
"17016127","0","4","31.21886418","-95.6111189","67","No Data","No Data","1 - DRIVER"
"17023647","0","4","31.35591921","-95.39897134","18","No Data","No Data","1 - DRIVER"
"17023647","0","4","31.35591921","-95.39897134","20","No Data","No Data","2 - PASSENGER/OCCUPANT"
"17023659","0","4","31.51264105","-95.45963161","60","No Data","No Data","1 - DRIVER"
"17020902","0","4","31.30572621","-95.44025302","55","No Data","No Data","1 - DRIVER"
"17020902","0","4","31.30572621","-95.44025302","22","No Data","No Data","1 - DRIVER"
"17020902","0","4","31.30572621","-95.44025302","0","No Data","No Data","2 - PASSENGER/OCCUPANT"
"17021261","0","4","31.32533847","-95.43784141","39","No Data","No Data","1 - DRIVER"
"17021261","0","4","31.32533847","-95.43784141","62","No Data","No Data","2 - PASSENGER/OCCUPANT"
"17021261","0","4","31.32533847","-95.43784141","13","No Data","No Data","2 - PASSENGER/OCCUPANT"
"17021261","0","4","31.32533847","-95.43784141","70","No Data","No Data","1 - DRIVER"
"17021261","0","4","31.32533847","-95.43784141","71","No Data","No Data","2 - PASSENGER/OCCUPANT"
"17023654","0","4","31.42952019","-95.32413441","84","No Data","No Data","1 - DRIVER"
"17023654","0","4","31.42952019","-95.32413441","21","No Data","No Data","1 - DRIVER"
"17036720","0","4","31.31767544","-95.45795252","38","No Data","No Data","1 - DRIVER"
"17031417","0","4","31.12934847","-95.74905591","13","No Data","No Data","1 - DRIVER"
"17031417","0","4","31.12934847","-95.74905591","13","No Data","No Data","2 - PASSENGER/OCCUPANT"
"17031417","0","4","31.12934847","-95.74905591","14","No Data","No Data","2 - PASSENGER/OCCUPANT"
"17023638","0","4","31.4528016","-95.47280975","67","No Data","No Data","1 - DRIVER"
"17031415","0","4","31.36293325","-95.42525629","61","No Data","No Data","1 - DRIVER"
"17031415","0","4","31.36293325","-95.42525629","57","No Data","No Data","2 - PASSENGER/OCCUPANT"
"17031415","0","4","31.36293325","-95.42525629","29","No Data","No Data","2 - PASSENGER/OCCUPANT"
"17031409","0","4","31.3977036","-95.4593904","45","No Data","No Data","1 - DRIVER"
"17031409","0","4","31.3977036","-95.4593904","4","No Data","No Data","2 - PASSENGER/OCCUPANT"
"17031409","0","4","31.3977036","-95.4593904","28","No Data","No Data","1 - DRIVER"
"17031420","0","4","31.22980607","-95.59323232","35","No Data","No Data","1 - DRIVER"
"17039305","0","4","31.30359857","-95.46378128","No Data","No Data","No Data","1 - DRIVER"
"17028356","0","4","31.3242195","-95.44306616","38","No Data","No Data","1 - DRIVER"
"17028356","0","4","31.3242195","-95.44306616","83","No Data","No Data","1 - DRIVER"
"17028356","0","4","31.3242195","-95.44306616","83","No Data","No Data","2 - PASSENGER/OCCUPANT"
"17031421","0","4","31.39785981","-95.35971112","26","No Data","No Data","1 - DRIVER"
"17031421","0","4","31.39785981","-95.35971112","19","No Data","No Data","1 - DRIVER"
"17031421","0","4","31.39785981","-95.35971112","22","No Data","No Data","2 - PASSENGER/OCCUPANT"
"17031421","0","4","31.39785981","-95.35971112","23","No Data","No Data","2 - PASSENGER/OCCUPANT"
"17031421","0","4","31.39785981","-95.35971112","46","No Data","No Data","2 - PASSENGER/OCCUPANT"
"17036119","0","4","31.44327168","-95.19385365","52","No Data","No Data","1 - DRIVER"
"17037617","0","4","31.30225706","-95.51865913","35","No Data","No Data","1 - DRIVER"
"17036126","0","4","31.30040115","-95.5291692","61","No Data","No Data","1 - DRIVER"
"17054175","0","4","31.18574715","-95.63847351","34","No Data","No Data","1 - DRIVER"
"17045774","0","4","31.12788453","-95.44448301","80","No Data","No Data","1 - DRIVER"
"17045774","0","4","31.12788453","-95.44448301","19","No Data","No Data","1 - DRIVER"
"17045800","0","4","31.56464985","-95.177514","39","No Data","No Data","1 - DRIVER"
"17045800","0","4","31.56464985","-95.177514","77","No Data","No Data","1 - DRIVER"
"17052898","0","5","31.31759302","-95.44739372","32","No Data","No Data","1 - DRIVER"
"17054147","0","5","31.35236549","-95.2259742","37","No Data","No Data","1 - DRIVER"
"17054159","0","5","31.42944447","-95.47479184","51","No Data","No Data","1 - DRIVER"
"17054172","0","5","31.42504766","-95.38284675","29","No Data","No Data","1 - DRIVER"
"17054176","0","5","31.35022499","-95.23583164","29","No Data","No Data","1 - DRIVER"
"17054176","0","5","31.35022499","-95.23583164","30","No Data","No Data","2 - PASSENGER/OCCUPANT"
"17054176","0","5","31.35022499","-95.23583164","27","No Data","No Data","2 - PASSENGER/OCCUPANT"
"17054180","0","5","31.30260842","-95.5996859","31","No Data","No Data","1 - DRIVER"
"17054180","0","5","31.30260842","-95.5996859","64","No Data","No Data","2 - PASSENGER/OCCUPANT"
"17054180","0","5","31.30260842","-95.5996859","29","No Data","No Data","1 - DRIVER"
"17063537","0","5","31.32337986","-95.43720864","30","No Data","No Data","1 - DRIVER"
"17063537","0","5","31.32337986","-95.43720864","50","No Data","No Data","2 - PASSENGER/OCCUPANT"
"17063537","0","5","31.32337986","-95.43720864","20","No Data","No Data","1 - DRIVER"
"17055001","0","5","31.31129633","-95.47719044","35","No Data","No Data","1 - DRIVER"
"17055001","0","5","31.31129633","-95.47719044","21","No Data","No Data","1 - DRIVER"
"17055001","0","5","31.31129633","-95.47719044","20","No Data","No Data","2 - PASSENGER/OCCUPANT"
"17055001","0","5","31.31129633","-95.47719044","21","No Data","No Data","2 - PASSENGER/OCCUPANT"
"17055001","0","5","31.31129633","-95.47719044","19","No Data","No Data","2 - PASSENGER/OCCUPANT"
"17054185","0","5","31.38495928","-95.56590224","20","No Data","No Data","1 - DRIVER"
"17054876","0","5","31.39375124","-95.12058253","18","No Data","No Data","1 - DRIVER"
"17056303","0","5","31.31626696","-95.46558784","29","No Data","No Data","1 - DRIVER"
"17056303","0","5","31.31626696","-95.46558784","62","No Data","No Data","1 - DRIVER"
"17058482","0","5","31.36972526","-95.17002917","31","No Data","No Data","1 - DRIVER"
"17058482","0","5","31.36972526","-95.17002917","30","No Data","No Data","2 - PASSENGER/OCCUPANT"
"17060649","0","5","31.1954691","-95.63116582","45","No Data","No Data","1 - DRIVER"
"17069002","0","5","31.32847595","-95.43992615","63","No Data","No Data","1 - DRIVER"
"17069002","0","5","31.32847595","-95.43992615","68","No Data","No Data","1 - DRIVER"
"17064358","0","5","31.37924491","-95.4128816","35","1 - POSITIVE","0.194","1 - DRIVER"
"17064360","0","5","31.17215008","-95.46872331","20","No Data","No Data","1 - DRIVER"
"17067898","0","5","31.09601698","-95.50060089","16","No Data","No Data","1 - DRIVER"
"17073923","0","5","31.30857449","-95.46630299","28","No Data","No Data","1 - DRIVER"
"17073923","0","5","31.30857449","-95.46630299","41","No Data","No Data","1 - DRIVER"
"17077267","0","5","30.97769893","-95.63120752","42","No Data","No Data","1 - DRIVER"
"17073912","0","5","31.31073449","-95.46550299","15","No Data","No Data","1 - DRIVER"
"17073912","0","5","31.31073449","-95.46550299","15","No Data","No Data","2 - PASSENGER/OCCUPANT"
"17073912","0","5","31.31073449","-95.46550299","15","No Data","No Data","2 - PASSENGER/OCCUPANT"
"17077756","0","5","31.3094797","-95.45812517","18","No Data","No Data","1 - DRIVER"
"17077756","0","5","31.3094797","-95.45812517","18","No Data","No Data","2 - PASSENGER/OCCUPANT"
"17077756","0","5","31.3094797","-95.45812517","30","No Data","No Data","1 - DRIVER"
"17064436","0","5","31.33885609","-95.41620175","28","No Data","No Data","1 - DRIVER"
"17074254","0","5","No Data","No Data","43","1 - POSITIVE","0.233","1 - DRIVER"
"17074254","0","5","No Data","No Data","48","No Data","No Data","2 - PASSENGER/OCCUPANT"
"17067901","0","5","31.46579995","-95.46474629","40","No Data","No Data","1 - DRIVER"
"17067901","0","5","31.46579995","-95.46474629","46","No Data","No Data","2 - PASSENGER/OCCUPANT"
"17067901","0","5","31.46579995","-95.46474629","64","No Data","No Data","1 - DRIVER"
"17069051","0","5","31.31983449","-95.45787163","65","No Data","No Data","1 - DRIVER"
"17069051","0","5","31.31983449","-95.45787163","61","No Data","No Data","1 - DRIVER"
"17082287","0","5","31.32775791","-95.47728813","44","No Data","No Data","1 - DRIVER"
"17088208","0","5","31.31779778","-95.45786623","72","No Data","No Data","1 - DRIVER"
"17090318","0","5","31.29356505","-95.55985587","75","No Data","No Data","1 - DRIVER"
"17090318","0","5","31.29356505","-95.55985587","52","No Data","No Data","1 - DRIVER"
"17090318","0","5","31.29356505","-95.55985587","64","No Data","No Data","2 - PASSENGER/OCCUPANT"
"17077303","0","5","31.19926732","-95.26627207","23","No Data","No Data","1 - DRIVER"
"17077303","0","5","31.19926732","-95.26627207","63","No Data","No Data","1 - DRIVER"
"17077306","0","5","31.47642014","-95.44718649","52","No Data","No Data","1 - DRIVER"
"17077306","0","5","31.47642014","-95.44718649","10","No Data","No Data","2 - PASSENGER/OCCUPANT"
"17077320","0","5","31.55490371","-95.48704376","35","No Data","No Data","1 - DRIVER"
"17083153","0","5","31.31767502","-95.45511936","39","No Data","No Data","1 - DRIVER"
"17083153","0","5","31.31767502","-95.45511936","25","No Data","No Data","1 - DRIVER"
"17085038","0","5","31.32506624","-95.43772182","69","No Data","No Data","1 - DRIVER"
"17085038","0","5","31.32506624","-95.43772182","51","No Data","No Data","2 - PASSENGER/OCCUPANT"
"17085038","0","5","31.32506624","-95.43772182","49","No Data","No Data","1 - DRIVER"
"17093708","0","5","31.32545248","-95.45612192","27","No Data","No Data","1 - DRIVER"
"17093708","0","5","31.32545248","-95.45612192","37","No Data","No Data","1 - DRIVER"
"17093708","0","5","31.32545248","-95.45612192","31","No Data","No Data","2 - PASSENGER/OCCUPANT"
"17090249","0","5","31.1954691","-95.63116582","23","No Data","No Data","1 - DRIVER"
"17090249","0","5","31.1954691","-95.63116582","58","No Data","No Data","1 - DRIVER"
"17090249","0","5","31.1954691","-95.63116582","58","No Data","No Data","2 - PASSENGER/OCCUPANT"
"17090249","0","5","31.1954691","-95.63116582","36","No Data","No Data","2 - PASSENGER/OCCUPANT"
"17090249","0","5","31.1954691","-95.63116582","18","No Data","No Data","2 - PASSENGER/OCCUPANT"
"17090249","0","5","31.1954691","-95.63116582","18","No Data","No Data","2 - PASSENGER/OCCUPANT"
"17090249","0","5","31.1954691","-95.63116582","17","No Data","No Data","2 - PASSENGER/OCCUPANT"
"17148464","0","5","31.31257449","-95.46146299","No Data","No Data","No Data","1 - DRIVER"
"17148464","0","5","31.31257449","-95.46146299","20","No Data","No Data","99 - UNKNOWN"
"17148464","0","5","31.31257449","-95.46146299","16","No Data","No Data","99 - UNKNOWN"
"17148464","0","5","31.31257449","-95.46146299","18","No Data","No Data","99 - UNKNOWN"
"17105386","0","5","31.39641478","-94.96636277","74","No Data","No Data","1 - DRIVER"
"17108830","0","6","31.35133475","-95.47613268","59","No Data","No Data","1 - DRIVER"
"17118049","0","6","31.10204996","-95.43250004","20","No Data","No Data","1 - DRIVER"
"17118107","0","6","31.14266193","-95.5051555","36","No Data","No Data","1 - DRIVER"
"17136553","1","6","31.40652862","-95.39472526","37","No Data","No Data","1 - DRIVER"
"17136553","1","6","31.40652862","-95.39472526","70","No Data","No Data","1 - DRIVER"
"17137628","0","6","31.31120682","-95.47757721","35","No Data","No Data","1 - DRIVER"
"17137628","0","6","31.31120682","-95.47757721","No Data","No Data","No Data","1 - DRIVER"
"17118114","0","6","31.47560444","-95.52373523","47","No Data","No Data","1 - DRIVER"
"17148515","0","6","31.29989052","-95.47134399","86","No Data","No Data","1 - DRIVER"
"17148515","0","6","31.29989052","-95.47134399","31","No Data","No Data","1 - DRIVER"
"17136378","0","6","31.29456367","-95.41677685","64","No Data","No Data","1 - DRIVER"
"17136378","0","6","31.29456367","-95.41677685","48","No Data","No Data","2 - PASSENGER/OCCUPANT"
"17136378","0","6","31.29456367","-95.41677685","16","No Data","No Data","2 - PASSENGER/OCCUPANT"
"17136378","0","6","31.29456367","-95.41677685","16","No Data","No Data","2 - PASSENGER/OCCUPANT"
"17138365","0","6","31.46305813","-95.57784257","63","No Data","No Data","1 - DRIVER"
"17138365","0","6","31.46305813","-95.57784257","67","No Data","No Data","1 - DRIVER"
"17139439","0","6","31.32097312","-95.44487186","29","No Data","No Data","1 - DRIVER"
"17139439","0","6","31.32097312","-95.44487186","6","No Data","No Data","2 - PASSENGER/OCCUPANT"
"17139439","0","6","31.32097312","-95.44487186","65","No Data","No Data","1 - DRIVER"
"17143139","0","6","31.50007629","-95.47484589","19","No Data","No Data","1 - DRIVER"
"17143139","0","6","31.50007629","-95.47484589","19","No Data","No Data","2 - PASSENGER/OCCUPANT"
"17143139","0","6","31.50007629","-95.47484589","18","No Data","No Data","2 - PASSENGER/OCCUPANT"
"17143139","0","6","31.50007629","-95.47484589","37","No Data","No Data","2 - PASSENGER/OCCUPANT"
"17143139","0","6","31.50007629","-95.47484589","40","No Data","No Data","1 - DRIVER"
"17150774","0","6","31.23133433","-95.48037856","67","No Data","No Data","1 - DRIVER"
"17150774","0","6","31.23133433","-95.48037856","52","No Data","No Data","1 - DRIVER"
"17155783","1","6","31.33427201","-95.64881125","51","2 - NEGATIVE","0","1 - DRIVER"
"17143135","0","6","31.35248211","-95.22544953","21","No Data","No Data","1 - DRIVER"
"17143133","0","6","31.47549422","-95.21296503","17","No Data","No Data","1 - DRIVER"
"17143133","0","6","31.47549422","-95.21296503","18","No Data","No Data","2 - PASSENGER/OCCUPANT"
"17143133","0","6","31.47549422","-95.21296503","19","No Data","No Data","2 - PASSENGER/OCCUPANT"
"17143133","0","6","31.47549422","-95.21296503","12","No Data","No Data","2 - PASSENGER/OCCUPANT"
"17162772","0","6","31.29948998","-95.53436361","68","No Data","No Data","1 - DRIVER"
"17162772","0","6","31.29948998","-95.53436361","12","No Data","No Data","2 - PASSENGER/OCCUPANT"
"17162772","0","6","31.29948998","-95.53436361","28","No Data","No Data","2 - PASSENGER/OCCUPANT"
"17162772","0","6","31.29948998","-95.53436361","28","No Data","No Data","2 - PASSENGER/OCCUPANT"
"17162772","0","6","31.29948998","-95.53436361","No Data","No Data","No Data","1 - DRIVER"
"17163767","0","7","31.31767499","-95.4580263","64","No Data","No Data","1 - DRIVER"
"17163767","0","7","31.31767499","-95.4580263","66","No Data","No Data","2 - PASSENGER/OCCUPANT"
"17163767","0","7","31.31767499","-95.4580263","3","No Data","No Data","2 - PASSENGER/OCCUPANT"
"17163767","0","7","31.31767499","-95.4580263","5","No Data","No Data","2 - PASSENGER/OCCUPANT"
"17175176","0","7","31.24292166","-95.33919971","20","No Data","No Data","1 - DRIVER"
"17178352","0","7","31.31141692","-95.47666356","48","No Data","No Data","1 - DRIVER"
"17178352","0","7","31.31141692","-95.47666356","15","No Data","No Data","2 - PASSENGER/OCCUPANT"
"17175166","0","7","31.13622934","-95.44983765","31","No Data","No Data","1 - DRIVER"
"17175166","0","7","31.13622934","-95.44983765","27","No Data","No Data","2 - PASSENGER/OCCUPANT"
"17175166","0","7","31.13622934","-95.44983765","10","No Data","No Data","2 - PASSENGER/OCCUPANT"
"17175166","0","7","31.13622934","-95.44983765","1","No Data","No Data","2 - PASSENGER/OCCUPANT"
"17175166","0","7","31.13622934","-95.44983765","9","No Data","No Data","2 - PASSENGER/OCCUPANT"
"17175186","0","7","31.50360111","-95.45245308","No Data","No Data","No Data","1 - DRIVER"
"17175186","0","7","31.50360111","-95.45245308","19","No Data","No Data","1 - DRIVER"
"17175163","0","7","31.24714073","-95.34660259","56","No Data","No Data","1 - DRIVER"
"17188861","0","7","No Data","No Data","No Data","No Data","No Data","1 - DRIVER"
"17188861","0","7","No Data","No Data","No Data","No Data","No Data","99 - UNKNOWN"
"17175190","0","7","31.43954935","-95.4762559","29","No Data","No Data","1 - DRIVER"
"17175190","0","7","31.43954935","-95.4762559","5","No Data","No Data","2 - PASSENGER/OCCUPANT"
"17175060","0","7","31.32847595","-95.43992615","17","No Data","No Data","1 - DRIVER"
"17175060","0","7","31.32847595","-95.43992615","16","No Data","No Data","2 - PASSENGER/OCCUPANT"
"17175060","0","7","31.32847595","-95.43992615","32","No Data","No Data","1 - DRIVER"
"17175064","0","7","31.31120682","-95.47757721","71","No Data","No Data","1 - DRIVER"
"17175064","0","7","31.31120682","-95.47757721","61","No Data","No Data","2 - PASSENGER/OCCUPANT"
"17175064","0","7","31.31120682","-95.47757721","No Data","No Data","No Data","1 - DRIVER"
"17181417","0","7","31.43461725","-95.31932783","32","No Data","No Data","1 - DRIVER"
"17181417","0","7","31.43461725","-95.31932783","38","No Data","No Data","2 - PASSENGER/OCCUPANT"
"17181433","0","7","31.40526503","-95.47444177","26","No Data","No Data","1 - DRIVER"
"17181433","0","7","31.40526503","-95.47444177","48","No Data","No Data","2 - PASSENGER/OCCUPANT"
"17181433","0","7","31.40526503","-95.47444177","1","No Data","No Data","2 - PASSENGER/OCCUPANT"
"17184845","0","7","31.31630284","-95.4366185","75","No Data","No Data","1 - DRIVER"
"17184845","0","7","31.31630284","-95.4366185","37","No Data","No Data","1 - DRIVER"
"17181404","0","7","31.23624802","-95.5840683","60","No Data","No Data","1 - DRIVER"
"17194947","0","7","31.32727798","-95.43899264","29","No Data","No Data","1 - DRIVER"
"17194947","0","7","31.32727798","-95.43899264","62","No Data","No Data","1 - DRIVER"
"17203245","0","7","31.31684854","-95.46327162","52","No Data","No Data","1 - DRIVER"
"17203245","0","7","31.31684854","-95.46327162","18","No Data","No Data","2 - PASSENGER/OCCUPANT"
"17203245","0","7","31.31684854","-95.46327162","16","No Data","No Data","2 - PASSENGER/OCCUPANT"
"17203245","0","7","31.31684854","-95.46327162","17","No Data","No Data","2 - PASSENGER/OCCUPANT"
"17203245","0","7","31.31684854","-95.46327162","30","No Data","No Data","1 - DRIVER"
"17185000","0","7","31.2930567","-95.56610561","35","No Data","No Data","1 - DRIVER"
"17185000","0","7","31.2930567","-95.56610561","No Data","No Data","No Data","1 - DRIVER"
"17187787","0","7","31.31767502","-95.45511936","58","No Data","No Data","1 - DRIVER"
"17187787","0","7","31.31767502","-95.45511936","19","No Data","No Data","1 - DRIVER"
"17187787","0","7","31.31767502","-95.45511936","12","No Data","No Data","2 - PASSENGER/OCCUPANT"
"17187787","0","7","31.31767502","-95.45511936","12","No Data","No Data","2 - PASSENGER/OCCUPANT"
"17190350","0","7","31.41563876","-95.47458181","59","No Data","No Data","1 - DRIVER"
"17190350","0","7","31.41563876","-95.47458181","63","No Data","No Data","1 - DRIVER"
"17195062","0","7","31.38371743","-95.15203193","56","No Data","No Data","1 - DRIVER"
"17195062","0","7","31.38371743","-95.15203193","59","No Data","No Data","2 - PASSENGER/OCCUPANT"
"17195062","0","7","31.38371743","-95.15203193","41","No Data","No Data","1 - DRIVER"
"17195062","0","7","31.38371743","-95.15203193","13","No Data","No Data","2 - PASSENGER/OCCUPANT"
"17194909","0","7","31.31616211","-95.48019409","19","No Data","No Data","1 - DRIVER"
"17194909","0","7","31.31616211","-95.48019409","69","No Data","No Data","1 - DRIVER"
"17194909","0","7","31.31616211","-95.48019409","30","No Data","No Data","2 - PASSENGER/OCCUPANT"
"17202540","0","7","31.33035502","-95.3292713","59","2 - NEGATIVE","0.031","1 - DRIVER"
"17202540","0","7","31.33035502","-95.3292713","32","No Data","No Data","2 - PASSENGER/OCCUPANT"
"17202540","0","7","31.33035502","-95.3292713","6","No Data","No Data","2 - PASSENGER/OCCUPANT"
"17202514","0","7","31.17794499","-95.47361844","65","No Data","No Data","1 - DRIVER"
"17198629","0","7","31.31318683","-95.45991976","63","No Data","No Data","1 - DRIVER"
"17202542","0","7","31.2795402","-95.39852622","32","No Data","No Data","1 - DRIVER"
"17202542","0","7","31.2795402","-95.39852622","3","No Data","No Data","2 - PASSENGER/OCCUPANT"
"17202542","0","7","31.2795402","-95.39852622","6","No Data","No Data","2 - PASSENGER/OCCUPANT"
"17202553","0","7","31.14055247","-95.45241586","24","No Data","No Data","1 - DRIVER"
"17202553","0","7","31.14055247","-95.45241586","22","No Data","No Data","2 - PASSENGER/OCCUPANT"
"17213110","0","7","31.30279706","-95.60008086","44","No Data","No Data","1 - DRIVER"
"17202583","0","7","31.39053651","-95.0644685","77","No Data","No Data","1 - DRIVER"
"17205758","0","7","31.31409298","-95.46996792","34","No Data","No Data","1 - DRIVER"
"17207399","0","7","31.35410685","-95.2179222","19","No Data","No Data","1 - DRIVER"
"17213172","0","7","31.32269277","-95.37854145","53","No Data","No Data","1 - DRIVER"
"17222367","0","8","31.31625474","-95.45786297","22","No Data","No Data","1 - DRIVER"
"17222367","0","8","31.31625474","-95.45786297","15","No Data","No Data","1 - DRIVER"
"17213112","0","8","30.96780404","-95.59211258","45","No Data","No Data","1 - DRIVER"
"17226035","0","8","31.56541637","-95.40522347","65","No Data","No Data","1 - DRIVER"
"17241365","0","8","No Data","No Data","29","No Data","No Data","1 - DRIVER"
"17241365","0","8","No Data","No Data","35","No Data","No Data","2 - PASSENGER/OCCUPANT"
"17241997","0","8","No Data","No Data","No Data","No Data","No Data","1 - DRIVER"
"17234882","0","8","31.29646873","-95.4618988","69","No Data","No Data","1 - DRIVER"
"17234882","0","8","31.29646873","-95.4618988","44","No Data","No Data","1 - DRIVER"
"17234882","0","8","31.29646873","-95.4618988","17","No Data","No Data","2 - PASSENGER/OCCUPANT"
"17234882","0","8","31.29646873","-95.4618988","17","No Data","No Data","2 - PASSENGER/OCCUPANT"
"17243283","0","8","31.20244569","-95.27182864","63","No Data","No Data","1 - DRIVER"
"17243283","0","8","31.20244569","-95.27182864","21","No Data","No Data","1 - DRIVER"
"17255660","0","8","31.31761601","-95.45989517","38","No Data","No Data","1 - DRIVER"
"17255660","0","8","31.31761601","-95.45989517","40","No Data","No Data","2 - PASSENGER/OCCUPANT"
"17255660","0","8","31.31761601","-95.45989517","39","No Data","No Data","2 - PASSENGER/OCCUPANT"
"17248846","0","8","31.31763373","-95.44803303","27","No Data","No Data","1 - DRIVER"
"17251559","0","8","31.3340192","-95.31419519","46","No Data","No Data","1 - DRIVER"
"17251604","0","8","31.51585428","-95.25280674","41","No Data","No Data","1 - DRIVER"
"17251604","0","8","31.51585428","-95.25280674","15","No Data","No Data","2 - PASSENGER/OCCUPANT"
"17251604","0","8","31.51585428","-95.25280674","8","No Data","No Data","2 - PASSENGER/OCCUPANT"
"17251604","0","8","31.51585428","-95.25280674","18","No Data","No Data","2 - PASSENGER/OCCUPANT"
"17253744","0","8","31.29646976","-95.46190165","43","2 - NEGATIVE","0.063","1 - DRIVER"
"17251259","0","8","31.31016449","-95.45548299","20","No Data","No Data","1 - DRIVER"
"17251266","0","8","31.30347296","-95.45957373","20","No Data","No Data","1 - DRIVER"
"17255581","0","8","31.31767654","-95.45786285","30","No Data","No Data","1 - DRIVER"
"17269503","0","8","31.084286","-95.62552443","53","No Data","No Data","5 - DRIVER OF MOTORCYCLE TYPE VEHICLE"
"17269503","0","8","31.084286","-95.62552443","38","No Data","No Data","6 - PASSENGER/OCCUPANT ON MOTORCYCLE TYPE VEHICLE"
"17269512","0","8","31.5306782","-95.24635363","52","No Data","No Data","1 - DRIVER"
"17269512","0","8","31.5306782","-95.24635363","No Data","No Data","No Data","1 - DRIVER"
"17260874","0","8","31.33106971","-95.44248015","25","No Data","No Data","1 - DRIVER"
"17260874","0","8","31.33106971","-95.44248015","37","No Data","No Data","1 - DRIVER"
"17270235","0","8","31.29092715","-95.46396707","47","No Data","No Data","1 - DRIVER"
"17269555","0","8","31.12952963","-95.44601468","67","No Data","No Data","1 - DRIVER"
"17273692","0","8","No Data","No Data","19","No Data","No Data","1 - DRIVER"
"17273692","0","8","No Data","No Data","50","No Data","No Data","2 - PASSENGER/OCCUPANT"
"17269455","0","8","31.31911447","-95.45786972","38","No Data","No Data","1 - DRIVER"
"17279203","0","9","31.30492828","-95.45600536","48","No Data","No Data","1 - DRIVER"
"17269603","0","9","31.34756337","-95.248157","65","No Data","No Data","1 - DRIVER"
"17269603","0","9","31.34756337","-95.248157","16","No Data","No Data","2 - PASSENGER/OCCUPANT"
"17269727","0","9","31.30902837","-95.48391671","42","No Data","No Data","1 - DRIVER"
"17272689","0","9","31.33363533","-95.44778442","68","No Data","No Data","1 - DRIVER"
"17272689","0","9","31.33363533","-95.44778442","49","No Data","No Data","1 - DRIVER"
"17288031","0","9","31.51205416","-95.36311001","57","No Data","No Data","1 - DRIVER"
"17288031","0","9","31.51205416","-95.36311001","17","No Data","No Data","1 - DRIVER"
"17288031","0","9","31.51205416","-95.36311001","14","No Data","No Data","2 - PASSENGER/OCCUPANT"
"17288132","0","9","31.23626011","-95.58407204","66","No Data","No Data","1 - DRIVER"
"17288132","0","9","31.23626011","-95.58407204","45","No Data","No Data","1 - DRIVER"
"17288132","0","9","31.23626011","-95.58407204","29","No Data","No Data","2 - PASSENGER/OCCUPANT"
"17288060","0","9","31.35165374","-95.22926238","40","No Data","No Data","1 - DRIVER"
"17288100","0","9","31.38372205","-95.41085402","65","No Data","No Data","1 - DRIVER"
"17286422","0","9","31.29646873","-95.4618988","73","No Data","No Data","1 - DRIVER"
"17286422","0","9","31.29646873","-95.4618988","62","No Data","No Data","1 - DRIVER"
"17294438","0","9","31.32456509","-95.37352071","51","No Data","No Data","1 - DRIVER"
"17303152","0","9","31.34195938","-95.27424122","No Data","No Data","No Data","1 - DRIVER"
"17303152","0","9","31.34195938","-95.27424122","27","No Data","No Data","1 - DRIVER"
"17293848","0","9","31.3166754","-95.4640221","50","No Data","No Data","1 - DRIVER"
"17293848","0","9","31.3166754","-95.4640221","53","No Data","No Data","1 - DRIVER"
"17299550","0","9","31.3056488","-95.44011688","55","No Data","No Data","1 - DRIVER"
"17299550","0","9","31.3056488","-95.44011688","44","No Data","No Data","1 - DRIVER"
"17308903","0","9","31.31840897","-95.45618439","45","No Data","No Data","1 - DRIVER"
"17308903","0","9","31.31840897","-95.45618439","61","No Data","No Data","2 - PASSENGER/OCCUPANT"
"17308903","0","9","31.31840897","-95.45618439","24","No Data","No Data","1 - DRIVER"
"17321640","0","9","31.3060028","-95.4398414","60","No Data","No Data","1 - DRIVER"
"17321640","0","9","31.3060028","-95.4398414","54","No Data","No Data","1 - DRIVER"
"17314203","0","9","31.12708812","-95.44551891","60","No Data","No Data","1 - DRIVER"
"17314203","0","9","31.12708812","-95.44551891","42","No Data","No Data","5 - DRIVER OF MOTORCYCLE TYPE VEHICLE"
"17321752","0","9","31.32104398","-95.45788573","56","No Data","No Data","1 - DRIVER"
"17321752","0","9","31.32104398","-95.45788573","72","No Data","No Data","2 - PASSENGER/OCCUPANT"
"17321752","0","9","31.32104398","-95.45788573","2","No Data","No Data","2 - PASSENGER/OCCUPANT"
"17321752","0","9","31.32104398","-95.45788573","33","No Data","No Data","1 - DRIVER"
"17321752","0","9","31.32104398","-95.45788573","43","No Data","No Data","2 - PASSENGER/OCCUPANT"
"17321758","0","9","No Data","No Data","45","No Data","No Data","1 - DRIVER"
"17314215","0","9","31.30084905","-95.52661579","47","No Data","No Data","1 - DRIVER"
"17314215","0","9","31.30084905","-95.52661579","67","No Data","No Data","1 - DRIVER"
"17314215","0","9","31.30084905","-95.52661579","65","No Data","No Data","2 - PASSENGER/OCCUPANT"
"17314267","0","9","31.1476572","-95.66474374","45","No Data","No Data","1 - DRIVER"
"17314267","0","9","31.1476572","-95.66474374","50","No Data","No Data","1 - DRIVER"
"17324682","0","9","31.29646873","-95.4618988","30","No Data","No Data","1 - DRIVER"
"17324682","0","9","31.29646873","-95.4618988","11","No Data","No Data","2 - PASSENGER/OCCUPANT"
"17324682","0","9","31.29646873","-95.4618988","9","No Data","No Data","2 - PASSENGER/OCCUPANT"
"17324682","0","9","31.29646873","-95.4618988","59","No Data","No Data","1 - DRIVER"
"17311297","0","9","31.32533847","-95.43784141","66","No Data","No Data","1 - DRIVER"
"17311297","0","9","31.32533847","-95.43784141","26","No Data","No Data","1 - DRIVER"
"17314254","0","9","31.22792072","-95.31349549","No Data","No Data","No Data","99 - UNKNOWN"
"17325371","0","9","31.3157324","-95.46796433","No Data","No Data","No Data","1 - DRIVER"
"17333340","0","9","31.34776411","-95.51243998","40","1 - POSITIVE","0.08","5 - DRIVER OF MOTORCYCLE TYPE VEHICLE"
"17323112","0","9","31.31767654","-95.45786285","21","No Data","No Data","1 - DRIVER"
"17323112","0","9","31.31767654","-95.45786285","81","No Data","No Data","1 - DRIVER"
"17323191","0","9","31.31767654","-95.45786285","23","No Data","No Data","1 - DRIVER"
"17323191","0","9","31.31767654","-95.45786285","57","No Data","No Data","2 - PASSENGER/OCCUPANT"
"17323191","0","9","31.31767654","-95.45786285","64","No Data","No Data","2 - PASSENGER/OCCUPANT"
"17323191","0","9","31.31767654","-95.45786285","25","No Data","No Data","1 - DRIVER"
"17343980","0","10","31.31911447","-95.45786972","No Data","No Data","No Data","1 - DRIVER"
"17343980","0","10","31.31911447","-95.45786972","37","No Data","No Data","3 - PEDALCYCLIST"
"17342142","0","10","31.52160635","-95.24955873","48","No Data","No Data","1 - DRIVER"
"17342142","0","10","31.52160635","-95.24955873","27","No Data","No Data","2 - PASSENGER/OCCUPANT"
"17327483","0","10","31.10020937","-95.47560481","41","No Data","No Data","1 - DRIVER"
"17330645","0","10","31.39401675","-95.53147323","68","No Data","No Data","1 - DRIVER"
"17333439","0","10","31.31767502","-95.45511936","66","No Data","No Data","1 - DRIVER"
"17333439","0","10","31.31767502","-95.45511936","97","No Data","No Data","1 - DRIVER"
"17327464","0","10","31.54171907","-95.48529738","36","No Data","No Data","1 - DRIVER"
"17349887","0","10","31.31213923","-95.4368522","35","No Data","No Data","1 - DRIVER"
"17349887","0","10","31.31213923","-95.4368522","7","No Data","No Data","2 - PASSENGER/OCCUPANT"
"17349887","0","10","31.31213923","-95.4368522","22","No Data","No Data","1 - DRIVER"
"17349887","0","10","31.31213923","-95.4368522","20","No Data","No Data","2 - PASSENGER/OCCUPANT"
"17349887","0","10","31.31213923","-95.4368522","20","No Data","No Data","2 - PASSENGER/OCCUPANT"
"17331369","0","10","31.52564079","-95.2477452","21","1 - POSITIVE","0.201","1 - DRIVER"
"17333219","0","10","31.37390093","-95.48684847","37","1 - POSITIVE","0.145","1 - DRIVER"
"17333219","0","10","31.37390093","-95.48684847","25","No Data","No Data","2 - PASSENGER/OCCUPANT"
"17342210","0","10","31.4172956","-95.37283381","30","No Data","No Data","1 - DRIVER"
"17347701","0","10","31.29755402","-95.4498291","32","1 - POSITIVE","0.179","1 - DRIVER"
"17347701","0","10","31.29755402","-95.4498291","36","No Data","No Data","2 - PASSENGER/OCCUPANT"
"17347701","0","10","31.29755402","-95.4498291","64","No Data","No Data","1 - DRIVER"
"17347701","0","10","31.29755402","-95.4498291","31","No Data","No Data","1 - DRIVER"
"17348502","0","10","31.31120682","-95.47757721","61","No Data","No Data","1 - DRIVER"
"17348502","0","10","31.31120682","-95.47757721","33","No Data","No Data","1 - DRIVER"
"17348970","0","10","31.3176854","-95.45438528","25","No Data","No Data","1 - DRIVER"
"17345318","0","10","31.32394449","-95.45497299","43","No Data","No Data","1 - DRIVER"
"17345359","0","10","31.31955449","-95.45513299","43","No Data","No Data","1 - DRIVER"
"17360851","0","10","31.31570247","-95.39702385","45","No Data","No Data","1 - DRIVER"
"17343890","0","10","31.30027969","-95.49136592","21","No Data","No Data","1 - DRIVER"
"17346957","0","10","31.30992277","-95.48303201","50","No Data","No Data","1 - DRIVER"
"17346957","0","10","31.30992277","-95.48303201","35","No Data","No Data","1 - DRIVER"
"17349352","0","10","31.37444861","-95.41651576","70","No Data","No Data","1 - DRIVER"
"17349352","0","10","31.37444861","-95.41651576","65","No Data","No Data","2 - PASSENGER/OCCUPANT"
"17373113","0","10","31.33556134","-95.44600809","48","No Data","No Data","1 - DRIVER"
"17371975","0","10","No Data","No Data","58","No Data","No Data","1 - DRIVER"
"17355090","0","10","31.16737976","-95.54564688","20","No Data","No Data","1 - DRIVER"
"17354488","0","10","31.29597024","-95.54840712","42","No Data","No Data","1 - DRIVER"
"17371043","0","10","31.3434637","-95.47178202","56","No Data","No Data","1 - DRIVER"
"17371075","0","10","31.38604279","-94.98786536","19","No Data","No Data","1 - DRIVER"
"17371075","0","10","31.38604279","-94.98786536","19","No Data","No Data","2 - PASSENGER/OCCUPANT"
"17376942","1","10","31.30262841","-95.59972777","33","No Data","No Data","1 - DRIVER"
"17382165","0","10","31.25703917","-95.35957052","31","No Data","No Data","1 - DRIVER"
"17376916","0","10","31.47289252","-95.46585534","52","No Data","No Data","1 - DRIVER"
"17383003","0","10","31.340794","-95.27960165","58","No Data","No Data","1 - DRIVER"
"17380131","0","11","No Data","No Data","32","No Data","No Data","1 - DRIVER"
"17380131","0","11","No Data","No Data","29","No Data","No Data","2 - PASSENGER/OCCUPANT"
"17380131","0","11","No Data","No Data","63","No Data","No Data","1 - DRIVER"
"17386834","0","11","31.31903816","-95.43675689","28","No Data","No Data","1 - DRIVER"
"17387554","0","11","31.29676262","-95.46298176","54","2 - NEGATIVE","0","1 - DRIVER"
"17403031","0","11","31.32547356","-95.43790432","69","No Data","No Data","1 - DRIVER"
"17403031","0","11","31.32547356","-95.43790432","58","No Data","No Data","1 - DRIVER"
"17403031","0","11","31.32547356","-95.43790432","35","No Data","No Data","2 - PASSENGER/OCCUPANT"
"17388472","0","11","31.15672013","-95.661367","56","No Data","No Data","1 - DRIVER"
"17388472","0","11","31.15672013","-95.661367","20","No Data","No Data","1 - DRIVER"
"17395230","0","11","31.31394665","-95.41549049","39","No Data","No Data","1 - DRIVER"
"17408051","0","11","31.51872635","-95.48053741","82","No Data","No Data","1 - DRIVER"
"17408051","0","11","31.51872635","-95.48053741","86","No Data","No Data","2 - PASSENGER/OCCUPANT"
"17408051","0","11","31.51872635","-95.48053741","18","No Data","No Data","1 - DRIVER"
"17402384","0","11","31.13327226","-95.33984271","50","No Data","No Data","1 - DRIVER"
"17407032","0","11","31.31764036","-95.44819322","21","No Data","No Data","1 - DRIVER"
"17407032","0","11","31.31764036","-95.44819322","32","No Data","No Data","2 - PASSENGER/OCCUPANT"
"17410643","0","11","31.31767315","-95.45763858","34","No Data","No Data","1 - DRIVER"
"17410643","0","11","31.31767315","-95.45763858","57","No Data","No Data","2 - PASSENGER/OCCUPANT"
"17410643","0","11","31.31767315","-95.45763858","42","No Data","No Data","1 - DRIVER"
"17401443","0","11","31.31767654","-95.45786285","22","No Data","No Data","1 - DRIVER"
"17401443","0","11","31.31767654","-95.45786285","52","No Data","No Data","1 - DRIVER"
"17401443","0","11","31.31767654","-95.45786285","30","No Data","No Data","2 - PASSENGER/OCCUPANT"
"17401443","0","11","31.31767654","-95.45786285","45","No Data","No Data","2 - PASSENGER/OCCUPANT"
"17401443","0","11","31.31767654","-95.45786285","38","No Data","No Data","2 - PASSENGER/OCCUPANT"
"17408016","0","11","31.46359318","-95.59929587","36","No Data","No Data","1 - DRIVER"
"17423340","0","11","No Data","No Data","67","No Data","No Data","1 - DRIVER"
"17423340","0","11","No Data","No Data","40","No Data","No Data","2 - PASSENGER/OCCUPANT"
"17407980","0","11","31.25761766","-95.47753545","29","No Data","No Data","1 - DRIVER"
"17423103","0","11","No Data","No Data","18","No Data","No Data","1 - DRIVER"
"17423103","0","11","No Data","No Data","64","No Data","No Data","2 - PASSENGER/OCCUPANT"
"17423103","0","11","No Data","No Data","35","No Data","No Data","1 - DRIVER"
"17423103","0","11","No Data","No Data","10","No Data","No Data","2 - PASSENGER/OCCUPANT"
"17423103","0","11","No Data","No Data","8","No Data","No Data","2 - PASSENGER/OCCUPANT"
"17423103","0","11","No Data","No Data","8","No Data","No Data","2 - PASSENGER/OCCUPANT"
"17423103","0","11","No Data","No Data","6","No Data","No Data","2 - PASSENGER/OCCUPANT"
"17423103","0","11","No Data","No Data","29","No Data","No Data","2 - PASSENGER/OCCUPANT"
"17420199","0","11","31.29844132","-95.54026581","53","No Data","No Data","1 - DRIVER"
"17423338","0","11","31.31932489","-95.46295562","65","No Data","No Data","1 - DRIVER"
"17426454","0","11","31.33363533","-95.44778442","85","No Data","No Data","1 - DRIVER"
"17426454","0","11","31.33363533","-95.44778442","41","No Data","No Data","1 - DRIVER"
"17424855","0","11","31.15353021","-95.66258236","77","No Data","No Data","1 - DRIVER"
"17424855","0","11","31.15353021","-95.66258236","72","No Data","No Data","2 - PASSENGER/OCCUPANT"
"17424863","0","11","31.29808736","-95.54192774","53","No Data","No Data","1 - DRIVER"
"17424863","0","11","31.29808736","-95.54192774","50","No Data","No Data","1 - DRIVER"
"17423339","0","11","31.32060883","-95.43689574","64","No Data","No Data","1 - DRIVER"
"17423339","0","11","31.32060883","-95.43689574","26","No Data","No Data","1 - DRIVER"
"17424866","0","11","31.41118541","-95.60744045","46","No Data","No Data","1 - DRIVER"
"17426204","0","11","31.32255857","-95.46404498","No Data","No Data","No Data","1 - DRIVER"
"17424874","0","11","31.50648132","-95.37921511","21","No Data","No Data","1 - DRIVER"
"17424932","0","11","31.39466667","-95.47602081","17","No Data","No Data","1 - DRIVER"
"17424932","0","11","31.39466667","-95.47602081","64","No Data","No Data","1 - DRIVER"
"17426390","0","11","31.31647309","-95.44132415","39","No Data","No Data","1 - DRIVER"
"17426390","0","11","31.31647309","-95.44132415","56","No Data","No Data","1 - DRIVER"
"17432757","0","11","31.39928595","-95.40194647","17","No Data","No Data","1 - DRIVER"
"17432931","0","11","31.31528761","-95.43842103","87","No Data","No Data","1 - DRIVER"
"17432931","0","11","31.31528761","-95.43842103","48","No Data","No Data","1 - DRIVER"
"17432931","0","11","31.31528761","-95.43842103","45","No Data","No Data","2 - PASSENGER/OCCUPANT"
"17432696","0","11","31.33523126","-95.42652092","40","No Data","No Data","1 - DRIVER"
"17432696","0","11","31.33523126","-95.42652092","67","No Data","No Data","1 - DRIVER"
"17432696","0","11","31.33523126","-95.42652092","48","No Data","No Data","2 - PASSENGER/OCCUPANT"
"17435867","0","12","31.4187736","-95.33865249","26","No Data","No Data","1 - DRIVER"
"17435867","0","12","31.4187736","-95.33865249","50","No Data","No Data","1 - DRIVER"
"17434331","0","12","31.31767502","-95.45511936","67","No Data","No Data","1 - DRIVER"
"17434331","0","12","31.31767502","-95.45511936","78","No Data","No Data","1 - DRIVER"
"17435940","0","12","31.47985141","-95.21558856","19","No Data","No Data","1 - DRIVER"
"17448698","0","12","31.12967302","-95.44606977","48","No Data","No Data","1 - DRIVER"
"17448698","0","12","31.12967302","-95.44606977","55","No Data","No Data","5 - DRIVER OF MOTORCYCLE TYPE VEHICLE"
"17448731","0","12","31.27853508","-95.60054869","94","No Data","No Data","1 - DRIVER"
"17448731","0","12","31.27853508","-95.60054869","66","No Data","No Data","1 - DRIVER"
"17447799","0","12","31.54845701","-95.22461496","49","No Data","No Data","1 - DRIVER"
"17459064","0","12","31.24483416","-95.34256368","62","No Data","No Data","1 - DRIVER"
"17459064","0","12","31.24483416","-95.34256368","64","No Data","No Data","2 - PASSENGER/OCCUPANT"
"17459064","0","12","31.24483416","-95.34256368","25","No Data","No Data","4 - PEDESTRIAN"
"17459966","0","12","31.31538152","-95.43912998","19","No Data","No Data","1 - DRIVER"
"17459966","0","12","31.31538152","-95.43912998","75","No Data","No Data","1 - DRIVER"
"17459966","0","12","31.31538152","-95.43912998","80","No Data","No Data","2 - PASSENGER/OCCUPANT"
"17459966","0","12","31.31538152","-95.43912998","3","No Data","No Data","2 - PASSENGER/OCCUPANT"
"17459024","0","12","31.38976411","-94.97627895","58","No Data","No Data","1 - DRIVER"
"17474338","0","12","31.38257108","-95.36968907","40","No Data","No Data","1 - DRIVER"
"17474338","0","12","31.38257108","-95.36968907","36","No Data","No Data","2 - PASSENGER/OCCUPANT"
"17474338","0","12","31.38257108","-95.36968907","19","No Data","No Data","1 - DRIVER"
"17466887","0","12","31.32847595","-95.43992615","29","No Data","No Data","1 - DRIVER"
"17466887","0","12","31.32847595","-95.43992615","19","No Data","No Data","1 - DRIVER"
"17489354","0","12","31.12764967","-95.44560394","53","No Data","No Data","1 - DRIVER"
"17489354","0","12","31.12764967","-95.44560394","40","No Data","No Data","1 - DRIVER"
"17489354","0","12","31.12764967","-95.44560394","13","No Data","No Data","2 - PASSENGER/OCCUPANT"
"17460947","0","12","31.31767502","-95.45511936","25","No Data","No Data","1 - DRIVER"
"17460947","0","12","31.31767502","-95.45511936","2","No Data","No Data","2 - PASSENGER/OCCUPANT"
"17460947","0","12","31.31767502","-95.45511936","53","No Data","No Data","1 - DRIVER"
"17474347","0","12","31.27083089","-95.47173895","17","No Data","No Data","1 - DRIVER"
"17481009","0","12","31.32622845","-95.442001","16","No Data","No Data","1 - DRIVER"
"17481009","0","12","31.32622845","-95.442001","2","No Data","No Data","2 - PASSENGER/OCCUPANT"
"17481009","0","12","31.32622845","-95.442001","17","No Data","No Data","1 - DRIVER"
"17481009","0","12","31.32622845","-95.442001","15","No Data","No Data","2 - PASSENGER/OCCUPANT"
"17481009","0","12","31.32622845","-95.442001","13","No Data","No Data","2 - PASSENGER/OCCUPANT"
"17480963","0","12","31.32614613","-95.43825063","41","No Data","No Data","1 - DRIVER"
"17480963","0","12","31.32614613","-95.43825063","18","No Data","No Data","2 - PASSENGER/OCCUPANT"
"17480963","0","12","31.32614613","-95.43825063","70","No Data","No Data","1 - DRIVER"
"17480963","0","12","31.32614613","-95.43825063","15","No Data","No Data","2 - PASSENGER/OCCUPANT"
"17480963","0","12","31.32614613","-95.43825063","11","No Data","No Data","2 - PASSENGER/OCCUPANT"
"17487147","0","12","31.31903816","-95.43675689","85","No Data","No Data","1 - DRIVER"
"17487147","0","12","31.31903816","-95.43675689","26","No Data","No Data","1 - DRIVER"
"17498301","0","12","31.55035185","-95.48655812","28","No Data","No Data","1 - DRIVER"
"17492787","0","12","31.29658488","-95.4623304","44","No Data","No Data","1 - DRIVER"
"17492787","0","12","31.29658488","-95.4623304","49","No Data","No Data","1 - DRIVER"
"17498428","0","12","30.9683425","-95.59200233","57","No Data","No Data","1 - DRIVER"
"17498428","0","12","30.9683425","-95.59200233","37","No Data","No Data","2 - PASSENGER/OCCUPANT"
"17498492","0","12","31.31184393","-95.4495119","38","No Data","No Data","1 - DRIVER"
"17498492","0","12","31.31184393","-95.4495119","13","No Data","No Data","2 - PASSENGER/OCCUPANT"
"17498492","0","12","31.31184393","-95.4495119","13","No Data","No Data","2 - PASSENGER/OCCUPANT"
"17498492","0","12","31.31184393","-95.4495119","31","No Data","No Data","1 - DRIVER"
"17498495","0","12","31.39395286","-95.11838453","No Data","No Data","No Data","1 - DRIVER"
"17500093","0","12","31.36809448","-95.52357","24","No Data","No Data","1 - DRIVER"
"17491788","0","12","31.53053565","-95.44589852","32","No Data","No Data","1 - DRIVER"
"17491788","0","12","31.53053565","-95.44589852","14","No Data","No Data","2 - PASSENGER/OCCUPANT"
"17491788","0","12","31.53053565","-95.44589852","16","No Data","No Data","2 - PASSENGER/OCCUPANT"
"17491788","0","12","31.53053565","-95.44589852","16","No Data","No Data","2 - PASSENGER/OCCUPANT"
"17491788","0","12","31.53053565","-95.44589852","15","No Data","No Data","2 - PASSENGER/OCCUPANT"
"17500090","0","12","31.43586481","-95.29696819","50","No Data","No Data","1 - DRIVER"
"17501936","0","12","31.30298169","-95.47328881","34","No Data","No Data","1 - DRIVER"
"17491817","0","12","31.42258242","-95.47440266","20","No Data","No Data","1 - DRIVER"
"17491817","0","12","31.42258242","-95.47440266","25","No Data","No Data","2 - PASSENGER/OCCUPANT"
"17502113","0","12","31.31120682","-95.47757721","84","No Data","No Data","1 - DRIVER"
"17502113","0","12","31.31120682","-95.47757721","28","No Data","No Data","1 - DRIVER"
"17502113","0","12","31.31120682","-95.47757721","8","No Data","No Data","2 - PASSENGER/OCCUPANT"
"17502113","0","12","31.31120682","-95.47757721","0","No Data","No Data","2 - PASSENGER/OCCUPANT"
"17512003","0","12","31.31630284","-95.4366185","35","No Data","No Data","1 - DRIVER"
"17512003","0","12","31.31630284","-95.4366185","71","No Data","No Data","1 - DRIVER"
"17501947","0","12","31.32847595","-95.43992615","53","No Data","No Data","1 - DRIVER"
"17501947","0","12","31.32847595","-95.43992615","20","No Data","No Data","2 - PASSENGER/OCCUPANT"
"17501947","0","12","31.32847595","-95.43992615","0","No Data","No Data","2 - PASSENGER/OCCUPANT"
"17501947","0","12","31.32847595","-95.43992615","40","No Data","No Data","1 - DRIVER"